{"cameraMode":{"drawMode":0,"name":"Shaded","section":"Shading Mode"},"sceneLighting":true,"audioPlay":false,"sceneViewState":{"showFog":true,"showMaterialUpdate":false,"showSkybox":true,"showFlares":true,"showImageEffects":true,"showParticleSystems":true},"in2DMode":false,"pivot":{"x":62.784454345703128,"y":30.368453979492189,"z":106.74882507324219},"rotation":{"x":-0.024839848279953004,"y":0.9686418175697327,"z":-0.2220323234796524,"w":-0.10947225987911225},"size":30.84552001953125,"orthographic":true}