{"cameraMode":{"drawMode":0,"name":"Shaded","section":"Shading Mode"},"sceneLighting":true,"audioPlay":false,"sceneViewState":{"showFog":true,"showMaterialUpdate":false,"showSkybox":true,"showFlares":true,"showImageEffects":true,"showParticleSystems":true},"in2DMode":false,"pivot":{"x":107.93915557861328,"y":352.6525573730469,"z":-34.08951187133789},"rotation":{"x":0.3141436278820038,"y":0.3724314868450165,"z":-0.13509415090084077,"w":0.8630844950675964},"size":61.59005355834961,"orthographic":true}