{"cameraMode":{"drawMode":0,"name":"Shaded","section":"Shading Mode"},"sceneLighting":true,"audioPlay":false,"sceneViewState":{"showFog":true,"showMaterialUpdate":false,"showSkybox":true,"showFlares":true,"showImageEffects":true,"showParticleSystems":true},"in2DMode":false,"pivot":{"x":-0.0012876639375463129,"y":0.005035971291363239,"z":0.004440852906554937},"rotation":{"x":0.09654276818037033,"y":0.6180623173713684,"z":-0.07624109089374542,"w":0.7767325639724731},"size":420.1083679199219,"orthographic":true}