{"cameraMode":{"drawMode":0,"name":"Shaded","section":"Shading Mode"},"sceneLighting":true,"audioPlay":false,"sceneViewState":{"showFog":true,"showMaterialUpdate":false,"showSkybox":true,"showFlares":true,"showImageEffects":true,"showParticleSystems":true},"in2DMode":false,"pivot":{"x":199.4861602783203,"y":399.13397216796877,"z":-19.5},"rotation":{"x":0.4938070774078369,"y":0.020943498238921167,"z":-0.012196818366646767,"w":0.8693111538887024},"size":1.1877572536468506,"orthographic":true}