{"cameraMode":{"drawMode":0,"name":"Shaded","section":"Shading Mode"},"sceneLighting":true,"audioPlay":false,"sceneViewState":{"showFog":true,"showMaterialUpdate":false,"showSkybox":true,"showFlares":true,"showImageEffects":true,"showParticleSystems":true},"in2DMode":false,"pivot":{"x":259.3162841796875,"y":399.1024169921875,"z":-19.481767654418947},"rotation":{"x":0.27652299404144289,"y":0.4745357930660248,"z":-0.15965403616428376,"w":0.8206188678741455},"size":1.6563899517059327,"orthographic":true}