{"cameraMode":{"drawMode":0,"name":"Shaded","section":"Shading Mode"},"sceneLighting":true,"audioPlay":false,"sceneViewState":{"showFog":true,"showMaterialUpdate":false,"showSkybox":true,"showFlares":true,"showImageEffects":true,"showParticleSystems":true},"in2DMode":false,"pivot":{"x":150.27487182617188,"y":151.9546356201172,"z":157.500732421875},"rotation":{"x":0.578039288520813,"y":0.09857602417469025,"z":-0.07093212753534317,"w":0.8070067167282105},"size":151.55039978027345,"orthographic":true}