{"cameraMode":{"drawMode":0,"name":"Shaded","section":"Shading Mode"},"sceneLighting":true,"audioPlay":false,"sceneViewState":{"showFog":true,"showMaterialUpdate":false,"showSkybox":true,"showFlares":true,"showImageEffects":true,"showParticleSystems":true},"in2DMode":false,"pivot":{"x":2.2481167316436769,"y":-2.2955148220062258,"z":0.7002575397491455},"rotation":{"x":0.26511526107788088,"y":-0.034997083246707919,"z":0.00961307156831026,"w":0.9635461568832398},"size":5.643671035766602,"orthographic":true}