{"cameraMode":{"drawMode":0,"name":"Shaded","section":"Shading Mode"},"sceneLighting":true,"audioPlay":false,"sceneViewState":{"showFog":true,"showMaterialUpdate":false,"showSkybox":true,"showFlares":true,"showImageEffects":true,"showParticleSystems":true},"in2DMode":false,"pivot":{"x":200.80149841308595,"y":399.09722900390627,"z":-19.563623428344728},"rotation":{"x":0.2608582675457001,"y":-0.07072490453720093,"z":0.01889149285852909,"w":0.9626766443252564},"size":0.19131241738796235,"orthographic":true}