{"cameraMode":{"drawMode":0,"name":"Shaded","section":"Shading Mode"},"sceneLighting":true,"audioPlay":false,"sceneViewState":{"showFog":true,"showMaterialUpdate":false,"showSkybox":true,"showFlares":true,"showImageEffects":true,"showParticleSystems":true},"in2DMode":false,"pivot":{"x":200.61602783203126,"y":399.2099609375,"z":-19.59752082824707},"rotation":{"x":0.578039288520813,"y":0.09857602417469025,"z":-0.07093212753534317,"w":0.8070067167282105},"size":0.6058744788169861,"orthographic":true}